frame,time,x,y,z,vx,vy,ax,ay,yaw,length,width,height,id,type
0,0.0,-300.06817626953125,30.0446834564209,0.9990295171737671,5.728629304257993e-08,7.681531799530461e-11,5.1299400638527e-07,6.878747571548161e-10,0.0013409013487805713,3.705369472503662,1.788678526878357,1.549050211906433,160,VEHICLE
1,0.1,-300.06744384765625,30.0446834564209,0.7521200180053711,0.04991872236132622,6.999220204306766e-05,0.4991866648197174,0.0006999212200753391,0.0013409047297467988,3.705369472503662,1.788678526878357,1.549050211906433,160,VEHICLE
2,0.2,-300.06396484375,30.044679641723633,0.6234716773033142,0.00911775790154934,2.4159340682672337e-05,-0.4080096483230591,-0.00045832860632799566,0.0013462633011432825,3.705369472503662,1.788678526878357,1.549050211906433,160,VEHICLE
3,0.3,-300.064453125,30.04466438293457,0.6316978335380554,-0.005851452704519033,0.00022924314544070512,-0.1496921181678772,0.002050837967544794,0.0013464466535425506,3.705369472503662,1.788678526878357,1.549050211906433,160,VEHICLE
4,0.4,-300.0650329589844,30.0446720123291,0.6606037616729736,-0.0065548536367714405,-0.00012748694280162454,-0.007034009322524071,-0.0035673007369041443,0.001345932226527299,3.705369472503662,1.788678526878357,1.549050211906433,160,VEHICLE
5,0.5,-300.0654296875,30.044662475585938,0.6824821829795837,-0.004120269790291786,-0.0001364420459140092,0.02434583753347397,-8.955103112384677e-05,0.0013456311904958766,3.705369472503662,1.788678526878357,1.549050211906433,160,VEHICLE
6,0.6,-300.0656433105469,30.04466438293457,0.6940847039222717,-0.0019366503693163395,-7.942596857901663e-05,0.02183619514107704,0.0005701608024537563,0.0013457089527191123,3.705369472503662,1.788678526878357,1.549050211906433,160,VEHICLE
7,0.7,-300.0214538574219,30.044696807861328,0.6974614262580872,0.9707419872283936,0.00048018028610385954,9.726786613464355,0.005596062168478966,0.0013201047654400344,3.705369472503662,1.788678526878357,1.549050211906433,160,VEHICLE
8,0.8,-299.8795166015625,30.044891357421875,0.6993269324302673,1.656445860862732,0.0024529823567718267,6.857038497924805,0.01972801983356476,0.0013296211450735394,3.705369472503662,1.788678526878357,1.549050211906433,160,VEHICLE
9,0.9,-299.6922302246094,30.0451602935791,0.7034780979156494,2.0241761207580566,0.0027426823507994413,3.677302598953247,0.002896999940276146,0.0012998391238343999,3.705369472503662,1.788678526878357,1.549050211906433,160,VEHICLE
10,1.0,-299.4808654785156,30.04544448852539,0.7089806199073792,2.2167091369628906,0.003030170686542988,1.9253301620483398,0.002874883357435465,0.0012947345150164768,3.705369472503662,1.788678526878357,1.549050211906433,160,VEHICLE
11,1.1,-299.2443542480469,30.045738220214844,0.7147833704948425,2.5119311809539795,0.003365514101460576,2.9522204399108887,0.0033534341491758823,0.0013370190892911028,3.705369472503662,1.788678526878357,1.549050211906433,160,VEHICLE
12,1.2,-298.97705078125,30.046173095703125,0.7211986184120178,2.8043813705444336,0.005152640864253044,2.924501895904541,0.017871268093585968,0.001402086694602166,3.705369472503662,1.788678526878357,1.549050211906433,160,VEHICLE
13,1.3,-298.6812744140625,30.046464920043945,0.7283576726913452,3.0850040912628174,0.001961844740435481,2.806227207183838,-0.03190796077251434,0.001305239957308729,3.705369472503662,1.788678526878357,1.549050211906433,160,VEHICLE
14,1.4,-298.3571472167969,30.046972274780273,0.7361761331558228,3.371908187866211,0.006303036585450172,2.8690409660339355,0.043411917984485626,0.0013720764581426608,3.705369472503662,1.788678526878357,1.549050211906433,160,VEHICLE
15,1.5,-298.00372314453125,30.047470092773438,0.7446406483650208,3.667820930480957,0.0048697167076170444,2.959127426147461,-0.01433319877833128,0.0013830037409903924,3.705369472503662,1.788678526878357,1.549050211906433,160,VEHICLE
16,1.6,-297.6203918457031,30.047992706298828,0.7537939548492432,3.967857599258423,0.0054592564702034,3.000366687774658,0.005895397625863552,0.0013773941978700876,3.705369472503662,1.788678526878357,1.549050211906433,160,VEHICLE
17,1.7,-297.2070007324219,30.0484561920166,0.7636669278144836,4.269679069519043,0.003915803506970406,3.018214702606201,-0.01543452963232994,0.0012941922600484285,3.705369472503662,1.788678526878357,1.549050211906433,160,VEHICLE
18,1.8,-296.7633056640625,30.04912567138672,0.7742716670036316,4.5723371505737305,0.008123866282403469,3.026580810546875,0.042080625891685486,0.0013713002663190924,3.705369472503662,1.788678526878357,1.549050211906433,160,VEHICLE
19,1.9,-296.28936767578125,30.04979133605957,0.7856084108352661,4.875462055206299,0.006602110806852579,3.0312490463256836,-0.0152175547555089,0.0013928339002972545,3.705369472503662,1.788678526878357,1.549050211906433,160,VEHICLE
20,2.0,-295.7850646972656,30.050373077392578,0.7978723049163818,5.18637752532959,0.00495060533285141,3.10915470123291,-0.016515053808689117,0.0012926337646546493,3.705369472503662,1.788678526878357,1.549050211906433,160,VEHICLE
21,2.1,-295.2507019042969,30.051054000854492,0.8107739090919495,5.515764236450195,0.00725425872951746,3.2938671112060547,0.0230365339666605,0.0012794780349514156,3.705369472503662,1.788678526878357,1.549050211906433,160,VEHICLE
22,2.2,-294.6895446777344,30.05162239074707,0.8243955969810486,5.679010391235352,0.007402901537716389,1.6324615478515625,0.0014864280819892883,0.0015888093970506231,3.705369472503662,1.788678526878357,1.549050211906433,160,VEHICLE
23,2.3,-294.1256103515625,30.052635192871094,0.8387629985809326,5.79951286315918,0.007900065742433071,1.2050247192382812,0.004971642047166824,0.0010897540097715341,3.705369472503662,1.788678526878357,1.549050211906433,160,VEHICLE
24,2.4,-293.5005187988281,30.05377197265625,0.8520441055297852,6.601968765258789,0.00949630793184042,8.024559020996094,0.015962421894073486,0.0006720854365799307,3.705369472503662,1.788678526878357,1.549050211906433,160,VEHICLE
25,2.5,-292.8082275390625,30.054616928100586,0.8684117197990417,7.185998439788818,0.009146355092525482,5.840296745300293,-0.003499528393149376,0.0007795489929953881,3.705369472503662,1.788678526878357,1.549050211906433,160,VEHICLE
26,2.6,-292.0657043457031,30.05553436279297,0.887461245059967,7.64396333694458,0.011120561510324478,4.579648971557617,0.01974206417798996,0.0010077748764083982,3.705369472503662,1.788678526878357,1.549050211906433,160,VEHICLE
27,2.7,-291.28179931640625,30.056529998779297,0.9080008268356323,8.029715538024902,0.01112339273095131,3.8575220108032227,2.8312206268310547e-05,0.0011883371983157707,3.705369472503662,1.788678526878357,1.549050211906433,160,VEHICLE
28,2.8,-290.46484375,30.05751609802246,0.9302820563316345,8.29001522064209,0.009792887605726719,2.602996826171875,-0.013305051252245903,0.0012223856088227037,3.705369472503662,1.788678526878357,1.549050211906433,160,VEHICLE
29,2.9,-289.6377868652344,30.05851936340332,0.9539852738380432,8.258130073547363,0.00994375441223383,-0.3188514709472656,0.001508668065071106,0.0012135287776779138,3.705369472503662,1.788678526878357,1.549050211906433,160,VEHICLE
30,3.0,-288.8290710449219,30.059696197509766,0.9777165055274963,7.993620872497559,0.013556874357163906,-2.645092010498047,0.036131199449300766,0.001371665930820328,3.705369472503662,1.788678526878357,1.549050211906433,160,VEHICLE
31,3.1,-288.0500183105469,30.060792922973633,1.0001760721206665,7.6998467445373535,0.010636905208230019,-2.937741279602051,-0.029199691489338875,0.001427017939564781,3.705369472503662,1.788678526878357,1.549050211906433,160,VEHICLE
32,3.2,-287.2912902832031,30.061723709106445,1.0209119319915771,7.569535732269287,0.006893345154821873,-1.303110122680664,-0.03743559867143631,0.0011482496019032977,3.705369472503662,1.788678526878357,1.549050211906433,160,VEHICLE
33,3.3,-286.5348815917969,30.06275749206543,1.0406090021133423,7.6082916259765625,0.012192843481898308,0.3875589370727539,0.0529949814081192,0.0012318889847399484,3.705369472503662,1.788678526878357,1.549050211906433,160,VEHICLE
34,3.4,-285.7663879394531,30.06377601623535,1.060243844985962,7.786203384399414,0.010656608268618584,1.7791175842285156,-0.015362352132797241,0.0013700337043553534,3.705369472503662,1.788678526878357,1.549050211906433,160,VEHICLE
35,3.5,-284.97491455078125,30.064653396606445,1.081221342086792,8.031614303588867,0.007202004548162222,2.4541091918945312,-0.03454603627324104,0.0012403982265491043,3.705369472503662,1.788678526878357,1.549050211906433,160,VEHICLE
36,3.6,-284.1623229980469,30.065635681152344,1.104013442993164,8.18949031829834,0.010082804597914219,1.5787601470947266,0.028808001428842545,0.0011674980928230634,3.705369472503662,1.788678526878357,1.549050211906433,160,VEHICLE
37,3.7,-283.3465881347656,30.066659927368164,1.1279456615447998,8.128681182861328,0.009750288911163807,-0.6080913543701172,-0.00332515686750412,0.0010952612786634525,3.705369472503662,1.788678526878357,1.549050211906433,160,VEHICLE
38,3.8,-282.5464782714844,30.06784439086914,1.1524741649627686,7.936863422393799,0.01412948314100504,-1.918177604675293,0.04379194229841232,0.001288988953024091,3.705369472503662,1.788678526878357,1.549050211906433,160,VEHICLE
39,3.9,-281.7662658691406,30.068954467773438,1.176693081855774,7.753774642944336,0.011135434731841087,-1.830887794494629,-0.02994048409163952,0.0014056168134553098,3.705369472503662,1.788678526878357,1.549050211906433,160,VEHICLE
40,4.0,-280.9977722167969,30.070068359375,1.1998552083969116,7.692193508148193,0.011704053729772568,-0.6158113479614258,0.005686189979314804,0.0014551345748624828,3.705369472503662,1.788678526878357,1.549050211906433,160,VEHICLE
41,4.1,-280.2257385253906,30.071224212646484,1.2223384380340576,7.789950370788574,0.01227423083037138,0.9775686264038086,0.005701771005988121,0.0015324384171000246,3.705369472503662,1.788678526878357,1.549050211906433,160,VEHICLE
42,4.2,-279.437255859375,30.072309494018555,1.2449941635131836,7.989171504974365,0.01000414788722992,1.9922113418579102,-0.022700829431414604,0.0014783962726944565,3.705369472503662,1.788678526878357,1.549050211906433,160,VEHICLE
43,4.3,-278.6300964355469,30.0733585357666,1.2685513496398926,8.13833999633789,0.009281172417104244,1.491684913635254,-0.007229754701256752,0.0013025115175630238,3.705369472503662,1.788678526878357,1.549050211906433,160,VEHICLE
44,4.4,-277.818603515625,30.07460594177246,1.2930964231491089,8.104801177978516,0.013680226169526577,-0.33538818359375,0.04399053752422333,0.0013187781263071738,3.705369472503662,1.788678526878357,1.549050211906433,160,VEHICLE
45,4.5,-277.0184020996094,30.075773239135742,1.3183451890945435,7.950948238372803,0.01155896671116352,-1.538529396057129,-0.021212594583630562,0.0013830376806898313,3.705369472503662,1.788678526878357,1.549050211906433,160,VEHICLE
46,4.6,-276.23443603515625,30.076913833618164,1.343626856803894,7.79544734954834,0.01168475579470396,-1.555008888244629,0.001257890835404396,0.0014130818568487756,3.705369472503662,1.788678526878357,1.549050211906433,160,VEHICLE
47,4.7,-275.4607849121094,30.07806396484375,1.3681365251541138,7.736814975738525,0.011916492134332657,-0.5863237380981445,0.0023173633962869644,0.0014634695668737528,3.705369472503662,1.788678526878357,1.549050211906433,160,VEHICLE
48,4.8,-274.6847839355469,30.079105377197266,1.3924603462219238,7.821208953857422,0.009648463688790798,0.8439397811889648,-0.022680284455418587,0.001425325505893522,3.705369472503662,1.788678526878357,1.549050211906433,160,VEHICLE
49,4.9,-273.89434814453125,30.080238342285156,1.4176859855651855,7.996975421905518,0.011972126550972462,1.757664680480957,0.023236628621816635,0.0014321056435515657,3.705369472503662,1.788678526878357,1.549050211906433,160,VEHICLE
50,5.0,-273.08856201171875,30.081302642822266,1.4438745975494385,8.110553741455078,0.009181950241327286,1.1357831954956055,-0.02790176309645176,0.001298836537310742,3.705369472503662,1.788678526878357,1.549050211906433,160,VEHICLE
51,5.1,-272.2807922363281,30.082393646240234,1.4708186388015747,8.06698989868164,0.010909992270171642,-0.435638427734375,0.017280420288443565,0.0012164283463296027,3.705369472503662,1.788678526878357,1.549050211906433,160,VEHICLE
52,5.2,-271.48370361328125,30.08358383178711,1.4977155923843384,7.933537006378174,0.013282297179102898,-1.334528923034668,0.023723049089312553,0.0013432786881872522,3.705369472503662,1.788678526878357,1.549050211906433,160,VEHICLE
53,5.3,-270.7001647949219,30.084726333618164,1.5239225625991821,7.8085761070251465,0.011578638106584549,-1.2496089935302734,-0.017036590725183487,0.0014240066689904173,3.705369472503662,1.788678526878357,1.549050211906433,160,VEHICLE
54,5.4,-269.9242248535156,30.08574104309082,1.5493443012237549,7.77304744720459,0.009306375868618488,-0.3552865982055664,-0.022722622379660606,0.0013609318831962224,3.705369472503662,1.788678526878357,1.549050211906433,160,VEHICLE
55,5.5,-269.1446533203125,30.08682632446289,1.5747426748275757,7.8537821769714355,0.011479796841740608,0.807347297668457,0.0217342097312212,0.001378469735241965,3.705369472503662,1.788678526878357,1.549050211906433,160,VEHICLE
56,5.6,-268.3521728515625,30.087820053100586,1.601235032081604,7.995338439941406,0.008915145881474018,1.415562629699707,-0.0256465096026659,0.0013089982913822382,3.705369472503662,1.788678526878357,1.549050211906433,160,VEHICLE
57,5.7,-267.54833984375,30.088897705078125,1.6287055015563965,8.072367668151855,0.010949518531560898,0.7702922821044922,0.020343726500868797,0.0012428678923412325,3.705369472503662,1.788678526878357,1.549050211906433,160,VEHICLE
58,5.8,-266.7444152832031,30.089984893798828,1.657007098197937,8.026604652404785,0.010753985494375229,-0.4576301574707031,-0.0019553303718566895,0.0012294554692790234,3.705369472503662,1.788678526878357,1.549050211906433,160,VEHICLE
59,5.9,-265.9499816894531,30.091169357299805,1.6860233545303345,7.917816638946533,0.013348851352930069,-1.0878801345825195,0.0259486585855484,0.0013554764341136005,3.705369472503662,1.788678526878357,1.549050211906433,160,VEHICLE
60,6.0,-265.16607666015625,30.092321395874023,1.7145953178405762,7.825577259063721,0.011697211302816868,-0.922393798828125,-0.01651640050113201,0.0014355487675429288,3.705369472503662,1.788678526878357,1.549050211906433,160,VEHICLE
61,6.1,-264.3870849609375,30.093353271484375,1.7424941062927246,7.810916423797607,0.009417333640158176,-0.1466083526611328,-0.022798776626586914,0.0013688978297400293,3.705369472503662,1.788678526878357,1.549050211906433,160,VEHICLE
62,6.2,-263.6040954589844,30.094444274902344,1.7700917720794678,7.885126113891602,0.011561236344277859,0.7420969009399414,0.021439027041196823,0.001376516186948202,3.705369472503662,1.788678526878357,1.549050211906433,160,VEHICLE
63,6.3,-262.81097412109375,30.09559440612793,1.7979499101638794,7.991227626800537,0.011765806004405022,1.0610151290893555,0.0020456966012716293,0.0014082660605689906,3.705369472503662,1.788678526878357,1.549050211906433,160,VEHICLE
64,6.4,-262.0102233886719,30.096784591674805,1.826404094696045,8.036477088928223,0.011934232898056507,0.45249462127685547,0.0016842689365148544,0.0013923681071808158,3.705369472503662,1.788678526878357,1.549050211906433,160,VEHICLE
65,6.5,-261.2104187011719,30.097965240478516,1.8554946184158325,7.990108013153076,0.01193825714290142,-0.46369075775146484,4.024244844913483e-05,0.0013861289241191947,3.705369472503662,1.788678526878357,1.549050211906433,160,VEHICLE
66,6.6,-260.4178161621094,30.099140167236328,1.8853198289871216,7.90403413772583,0.011890037916600704,-0.8607387542724609,-0.000482192263007164,0.001406623171056683,3.705369472503662,1.788678526878357,1.549050211906433,160,VEHICLE
67,6.7,-259.63287353515625,30.100309371948242,1.9149411916732788,7.841921329498291,0.011977576650679111,-0.6211280822753906,0.0008753873407840729,0.0014404121574242259,3.705369472503662,1.788678526878357,1.549050211906433,160,VEHICLE
68,6.8,-258.8504943847656,30.10149383544922,1.9442521333694458,7.845205307006836,0.012243586592376232,0.03283977508544922,0.0026600994169712067,0.0014841160873286473,3.705369472503662,1.788678526878357,1.549050211906433,160,VEHICLE
69,6.9,-258.06439208984375,30.102567672729492,1.9742846488952637,7.909398078918457,0.009826472029089928,0.6419277191162109,-0.024171145632863045,0.001415167262825416,3.705369472503662,1.788678526878357,1.549050211906433,160,VEHICLE
70,7.0,-257.2707824707031,30.103517532348633,2.0048418045043945,7.982051849365234,0.007933871820569038,0.7265377044677734,-0.018926002085208893,0.0012289139945339507,3.705369472503662,1.788678526878357,1.549050211906433,160,VEHICLE
71,7.1,-256.47271728515625,30.10453987121582,2.0358035564422607,8.001497268676758,0.010400616563856602,0.19445419311523438,0.024667447432875633,0.0011639259719663994,3.705369472503662,1.788678526878357,1.549050211906433,160,VEHICLE
72,7.2,-255.67654418945312,30.105552673339844,2.0668983459472656,7.961112976074219,0.010194613598287106,-0.4038429260253906,-0.0020600296556949615,0.001179894405496704,3.705369472503662,1.788678526878357,1.549050211906433,160,VEHICLE
73,7.3,-254.885986328125,30.10655403137207,2.097769021987915,7.9008660316467285,0.010239409282803535,-0.6024694442749023,0.000447956845164299,0.0012040598616087585,3.705369472503662,1.788678526878357,1.549050211906433,160,VEHICLE
74,7.4,-254.10028076171875,30.107370376586914,2.1282522678375244,7.864320278167725,0.0065674688667058945,-0.36545753479003906,-0.03671940416097641,0.0010823481983056333,3.705369472503662,1.788678526878357,1.549050211906433,160,VEHICLE
75,7.5,-253.31539916992188,30.10843276977539,2.158583402633667,7.874630451202393,0.01316921878606081,0.10310173034667969,0.0660175010561943,0.001211030633747176,3.705369472503662,1.788678526878357,1.549050211906433,160,VEHICLE
76,7.6,-252.5268096923828,30.10935401916504,2.189791202545166,7.9200334548950195,0.007940278388559818,0.45403003692626953,-0.05228940397500992,0.0012058348688782693,3.705369472503662,1.788678526878357,1.549050211906433,160,VEHICLE
77,7.7,-251.73326110839844,30.11018943786621,2.22162127494812,7.964648723602295,0.0073877060785889626,0.4461526870727539,-0.005525723099708557,0.0010594942970155777,3.705369472503662,1.788678526878357,1.549050211906433,160,VEHICLE
78,7.8,-250.9373016357422,30.111080169677734,2.2538108825683594,7.972515106201172,0.009117485024034977,0.07866382598876953,0.017297789454460144,0.001024632439037991,3.705369472503662,1.788678526878357,1.549050211906433,160,VEHICLE
79,7.9,-250.1433868408203,30.112167358398438,2.286898374557495,7.942743301391602,0.012910336256027222,-0.2977180480957031,0.037928514182567596,0.0012014855159007362,3.705369472503662,1.788678526878357,1.549050211906433,160,VEHICLE
80,8.0,-249.353515625,30.11321258544922,2.3201370239257812,7.903038024902344,0.010593232698738575,-0.3970527648925781,-0.023171035572886467,0.0012926601621986574,3.705369472503662,1.788678526878357,1.549050211906433,160,VEHICLE
81,8.1,-248.56658935546875,30.114139556884766,2.3530848026275635,7.882673740386963,0.008292168378829956,-0.2036428451538086,-0.02301064319908619,0.0012068052061856018,3.705369472503662,1.788678526878357,1.549050211906433,160,VEHICLE
82,8.2,-247.77980041503906,30.115121841430664,2.385788917541504,7.894333839416504,0.010275623761117458,0.11660099029541016,0.019834553822875023,0.0011927843392395803,3.705369472503662,1.788678526878357,1.549050211906433,160,VEHICLE
83,8.3,-246.9904022216797,30.116132736206055,2.418471574783325,7.926751136779785,0.010355622507631779,0.3241729736328125,0.0007999874651432037,0.0012260145559194245,3.705369472503662,1.788678526878357,1.549050211906433,160,VEHICLE
84,8.4,-246.19789123535156,30.117164611816406,2.45131516456604,7.953033924102783,0.010564620606601238,0.26282787322998047,0.0020899809896945953,0.001245082555257499,3.705369472503662,1.788678526878357,1.549050211906433,160,VEHICLE
85,8.5,-245.40415954589844,30.11821937561035,2.4843850135803223,7.9526495933532715,0.010712342336773872,-0.0038433074951171875,0.0014772173017263412,0.00125799121435179,3.705369472503662,1.788678526878357,1.549050211906433,160,VEHICLE
86,8.6,-244.6117401123047,30.119281768798828,2.5183258056640625,7.927608013153076,0.010846862569451332,-0.2504158020019531,0.0013452023267745972,0.001277220589808653,3.705369472503662,1.788678526878357,1.549050211906433,160,VEHICLE
87,8.7,-243.82191467285156,30.12035369873047,2.552607297897339,7.9017767906188965,0.010997999459505081,-0.2583122253417969,0.0015113689005374908,0.0013026264704147634,3.705369472503662,1.788678526878357,1.549050211906433,160,VEHICLE
88,8.8,-243.0337371826172,30.121578216552734,2.586763620376587,7.8935866355896,0.013927371241152287,-0.08190155029296875,0.029293717816472054,0.0014420199369026311,3.705369472503662,1.788678526878357,1.549050211906433,160,VEHICLE
89,8.9,-242.2454833984375,30.122610092163086,2.621537685394287,7.906866073608398,0.008529754355549812,0.13279438018798828,-0.05397617071866989,0.001360724083810385,3.705369472503662,1.788678526878357,1.549050211906433,160,VEHICLE
90,9.0,-241.4553680419922,30.123504638671875,2.6567893028259277,7.92976713180542,0.007482935208827257,0.22901058197021484,-0.010468191467225552,0.001157188226423364,3.705369472503662,1.788678526878357,1.549050211906433,160,VEHICLE
91,9.1,-240.66336059570312,30.124601364135742,2.692173719406128,7.943477153778076,0.012658817693591118,0.1371002197265625,0.05175882577896118,0.0012277536729320571,3.705369472503662,1.788678526878357,1.549050211906433,160,VEHICLE
92,9.2,-239.87106323242188,30.125680923461914,2.727581024169922,7.938562393188477,0.010823513381183147,-0.049147605895996094,-0.018353043124079704,0.0013002150612714807,3.705369472503662,1.788678526878357,1.549050211906433,160,VEHICLE
93,9.3,-239.08004760742188,30.126903533935547,2.7629189491271973,7.9211955070495605,0.01385787595063448,-0.17366886138916016,0.03034362569451332,0.0014280694200615768,3.705369472503662,1.788678526878357,1.549050211906433,160,VEHICLE
94,9.4,-238.2908172607422,30.12811851501465,2.798121929168701,7.90575647354126,0.012308955192565918,-0.1543903350830078,-0.015489207580685616,0.0014989438348686115,3.705369472503662,1.788678526878357,1.549050211906433,160,VEHICLE
95,9.5,-237.5023956298828,30.129356384277344,2.833209753036499,7.90309476852417,0.012666425667703152,-0.026617050170898438,0.0035747047513723373,0.0015206683634014727,3.705369472503662,1.788678526878357,1.549050211906433,160,VEHICLE
96,9.6,-236.7132110595703,30.130617141723633,2.8689818382263184,7.910701751708984,0.0128950709477067,0.07606983184814453,0.0022864528000354767,0.0015466573306446884,3.705369472503662,1.788678526878357,1.549050211906433,160,VEHICLE
97,9.7,-235.9226531982422,30.131765365600586,2.9053964614868164,7.924556732177734,0.010365392081439495,0.1385498046875,-0.025296788662672043,0.0014597804125707475,3.705369472503662,1.788678526878357,1.549050211906433,160,VEHICLE
98,9.8,-235.13088989257812,30.1328182220459,2.941984176635742,7.933175563812256,0.009538266807794571,0.08618831634521484,-0.008271252736449242,0.0013221130593792524,3.705369472503662,1.788678526878357,1.549050211906433,160,VEHICLE
99,9.9,-234.33932495117188,30.1339111328125,2.979170083999634,7.930055141448975,0.011259055696427822,-0.0312042236328125,0.017207888886332512,0.0012989920617572134,3.705369472503662,1.788678526878357,1.549050211906433,160,VEHICLE
100,10.0,-233.5489044189453,30.135011672973633,3.0169034004211426,7.919065952301025,0.011223064735531807,-0.10989189147949219,-0.00035990960896015167,0.001326125876179973,3.705369472503662,1.788678526878357,1.549050211906433,160,VEHICLE
101,10.1,-232.7595977783203,30.136125564575195,3.0545895099639893,7.90916109085083,0.011372122913599014,-0.09904861450195312,0.0014905817806720734,0.001351465957981807,3.705369472503662,1.788678526878357,1.549050211906433,160,VEHICLE
102,10.2,-231.97079467773438,30.137060165405273,3.092123031616211,7.907456398010254,0.007684640120714903,-0.01704692840576172,-0.03687482699751854,0.0012208483094864285,3.705369472503662,1.788678526878357,1.549050211906433,160,VEHICLE
103,10.3,-231.18161010742188,30.138044357299805,3.1295716762542725,7.9143524169921875,0.010333465412259102,0.06896018981933594,0.026488251984119415,0.0011808687739560772,3.705369472503662,1.788678526878357,1.549050211906433,160,VEHICLE
104,10.4,-230.39154052734375,30.13905143737793,3.1670236587524414,7.923795223236084,0.010288132354617119,0.09442806243896484,-0.0004533305764198303,0.001211249616328997,3.705369472503662,1.788678526878357,1.549050211906433,160,VEHICLE
105,10.5,-229.60072326660156,30.140209197998047,3.20452618598938,7.92832088470459,0.013209332711994648,0.045256614685058594,0.02921200357377529,0.001344450973208105,3.705369472503662,1.788678526878357,1.549050211906433,160,VEHICLE
106,10.6,-228.80978393554688,30.1413631439209,3.242609739303589,7.921896934509277,0.0116166016086936,-0.064239501953125,-0.015927311033010483,0.0014100150604059811,3.705369472503662,1.788678526878357,1.549050211906433,160,VEHICLE
107,10.7,-228.01950073242188,30.142526626586914,3.2813897132873535,7.912723064422607,0.01197407953441143,-0.09173870086669922,0.0035747792571783066,0.0014281324880854385,3.705369472503662,1.788678526878357,1.549050211906433,160,VEHICLE
108,10.8,-227.22987365722656,30.14371681213379,3.320249319076538,7.90810489654541,0.012166083790361881,-0.046181678771972656,0.001920042559504509,0.0014516858592731278,3.705369472503662,1.788678526878357,1.549050211906433,160,VEHICLE
109,10.9,-226.44052124023438,30.144733428955078,3.359436511993408,7.910508632659912,0.008473148569464684,0.02403736114501953,-0.036929354071617126,0.0013179986835545401,3.705369472503662,1.788678526878357,1.549050211906433,160,VEHICLE
110,11.0,-225.65098571777344,30.145795822143555,3.3993139266967773,7.91726016998291,0.011102315038442612,0.06751537322998047,0.02629166468977928,0.0012755930446815323,3.705369472503662,1.788678526878357,1.549050211906433,160,VEHICLE
111,11.1,-224.86085510253906,30.146886825561523,3.439305543899536,7.922706127166748,0.011037337593734264,0.054459571838378906,-0.0006497744470834732,0.001304479890093323,3.705369472503662,1.788678526878357,1.549050211906433,160,VEHICLE
112,11.2,-224.07041931152344,30.147785186767578,3.4792613983154297,7.922699451446533,0.007305313367396593,-6.67572021484375e-05,-0.03732024133205414,0.0011694226428295659,3.705369472503662,1.788678526878357,1.549050211906433,160,VEHICLE
113,11.3,-223.28028869628906,30.14873695373535,3.5191519260406494,7.917873382568359,0.009919600561261177,-0.04826068878173828,0.026142872869968414,0.001125201295055153,3.705369472503662,1.788678526878357,1.549050211906433,160,VEHICLE
114,11.4,-222.49073791503906,30.149843215942383,3.5589711666107178,7.912441253662109,0.012590017169713974,-0.0543212890625,0.02670416608452797,0.0012661453246698812,3.705369472503662,1.788678526878357,1.549050211906433,160,VEHICLE
115,11.5,-221.7015380859375,30.150930404663086,3.5987346172332764,7.910562992095947,0.011024369858205318,-0.018782615661621094,-0.015656473115086555,0.0013379869558923457,3.705369472503662,1.788678526878357,1.549050211906433,160,VEHICLE
116,11.6,-220.91220092773438,30.152040481567383,3.638662338256836,7.911964416503906,0.011374427005648613,0.014014244079589844,0.0035005714744329453,0.0013562208968694942,3.705369472503662,1.788678526878357,1.549050211906433,160,VEHICLE
117,11.7,-220.12242126464844,30.15297508239746,3.6790127754211426,7.915726184844971,0.0076859272085130215,0.03761768341064453,-0.03688499704003334,0.0012214770391676068,3.705369472503662,1.788678526878357,1.549050211906433,160,VEHICLE
118,11.8,-219.33221435546875,30.153961181640625,3.7194948196411133,7.919103622436523,0.010327501222491264,0.033774375915527344,0.026415739208459854,0.0011777084807933723,3.705369472503662,1.788678526878357,1.549050211906433,160,VEHICLE
119,11.9,-218.5419158935547,30.155168533325195,3.7601115703582764,7.919309616088867,0.014152484014630318,0.0020599365234375,0.03824982792139053,0.0013629335452401477,3.705369472503662,1.788678526878357,1.549050211906433,160,VEHICLE
120,12.0,-217.75204467773438,30.156105041503906,3.801116943359375,7.916440963745117,0.007093850988894701,-0.0286865234375,-0.07058633118867874,0.0012589255313650819,3.705369472503662,1.788678526878357,1.549050211906433,160,VEHICLE
121,12.1,-216.96255493164062,30.15696907043457,3.842172145843506,7.913011074066162,0.007753915153443813,-0.03429889678955078,0.006600641645491123,0.0010828883076604988,3.705369472503662,1.788678526878357,1.549050211906433,160,VEHICLE
122,12.2,-216.1732635498047,30.157882690429688,3.8831682205200195,7.9115891456604,0.009373245760798454,-0.014219284057617188,0.01619330607354641,0.001067179688381072,3.705369472503662,1.788678526878357,1.549050211906433,160,VEHICLE
123,12.3,-215.38394165039062,30.15880012512207,3.924114942550659,7.913013935089111,0.009366253390908241,0.014247894287109375,-6.992369890213013e-05,0.0010973671004746216,3.705369472503662,1.788678526878357,1.549050211906433,160,VEHICLE
124,12.4,-214.59434509277344,30.15972900390625,3.96504545211792,7.915909290313721,0.009537498466670513,0.02895355224609375,0.0017124507576227188,0.0011216153902592534,3.705369472503662,1.788678526878357,1.549050211906433,160,VEHICLE
125,12.5,-213.8045196533203,30.160675048828125,4.005986213684082,7.91792631149292,0.009717264212667942,0.020170211791992188,0.001797657459974289,0.0011437275595738295,3.705369472503662,1.788678526878357,1.549050211906433,160,VEHICLE
126,12.6,-213.01458740234375,30.16164207458496,4.046939849853516,7.917638778686523,0.009897837415337563,-0.0028753280639648438,0.0018057320266962051,0.0011652107391329025,3.705369472503662,1.788678526878357,1.549050211906433,160,VEHICLE
127,12.7,-212.22483825683594,30.16262435913086,4.087892055511475,7.915526390075684,0.010071980766952038,-0.021123886108398438,0.0017414335161447525,0.001187036956726918,3.705369472503662,1.788678526878357,1.549050211906433,160,VEHICLE
128,12.8,-211.435302734375,30.163625717163086,4.128830432891846,7.913390159606934,0.010244634002447128,-0.0213623046875,0.0017265323549509048,0.0012096143990092826,3.705369472503662,1.788678526878357,1.549050211906433,160,VEHICLE
129,12.9,-210.64593505859375,30.164642333984375,4.16975212097168,7.91284704208374,0.010425562970340252,-0.005431175231933594,0.0018092896789312363,0.0012324058824612894,3.705369472503662,1.788678526878357,1.549050211906433,160,VEHICLE
130,13.0,-209.85647583007812,30.16567611694336,4.210669040679932,7.914130687713623,0.010603385977447033,0.012836456298828125,0.00177823007106781,0.001255147171568532,3.705369472503662,1.788678526878357,1.549050211906433,160,VEHICLE
131,13.1,-209.0668487548828,30.166730880737305,4.251594066619873,7.916069984436035,0.010782778263092041,0.019392967224121094,0.0017939228564500809,0.0012774424332080512,3.705369472503662,1.788678526878357,1.549050211906433,160,VEHICLE
132,13.2,-208.27703857421875,30.16779899597168,4.2925333976745605,7.917125701904297,0.010963499546051025,0.010557174682617188,0.0018072128295898438,0.0012991417345313678,3.705369472503662,1.788678526878357,1.549050211906433,160,VEHICLE
133,13.3,-207.4872589111328,30.168888092041016,4.333481788635254,7.916590213775635,0.011140002869069576,-0.005354881286621094,0.0017650332301855087,0.0013208419461148225,3.705369472503662,1.788678526878357,1.549050211906433,160,VEHICLE
134,13.4,-206.6975555419922,30.169992446899414,4.374427318572998,7.915046691894531,0.011307784356176853,-0.015435218811035156,0.0016778148710727692,0.0013428130251079762,3.705369472503662,1.788678526878357,1.549050211906433,160,VEHICLE
135,13.5,-205.9080047607422,30.17111587524414,4.41536283493042,7.9137773513793945,0.011484202928841114,-0.012693405151367188,0.0017641857266426086,0.0013653293499239182,3.705369472503662,1.788678526878357,1.549050211906433,160,VEHICLE
136,13.6,-205.1185302734375,30.17225456237793,4.456288814544678,7.9137139320373535,0.011662126518785954,-0.0006341934204101562,0.0017792358994483948,0.0013881027582103233,3.705369472503662,1.788678526878357,1.549050211906433,160,VEHICLE
137,13.7,-204.3289794921875,30.173412322998047,4.497213840484619,7.91476583480835,0.011843498796224594,0.010519027709960938,0.001813722774386406,0.001410640409120932,3.705369472503662,1.788678526878357,1.549050211906433,160,VEHICLE
138,13.8,-203.53929138183594,30.17458724975586,4.538143634796143,7.916020393371582,0.012023474089801311,0.012545585632324219,0.0017997529357671738,0.001432860379243305,3.705369472503662,1.788678526878357,1.549050211906433,160,VEHICLE
139,13.9,-202.74952697753906,30.175783157348633,4.5790839195251465,7.91649866104126,0.012195608578622341,0.004782676696777344,0.0017213448882102966,0.001454843421655418,3.705369472503662,1.788678526878357,1.549050211906433,160,VEHICLE
140,14.0,-201.9597930908203,30.17685890197754,4.620026588439941,7.915926933288574,0.009622069075703621,-0.005717277526855469,-0.025735395029187202,0.001365744168472617,3.705369472503662,1.788678526878357,1.549050211906433,160,VEHICLE
141,14.1,-201.17013549804688,30.17797088623047,4.660969257354736,7.914852619171143,0.01153209526091814,-0.010743141174316406,0.019100261852145195,0.0013415649284213267,3.705369472503662,1.788678526878357,1.549050211906433,160,VEHICLE
142,14.2,-200.38058471679688,30.179105758666992,4.701902866363525,7.9141526222229,0.011535922065377235,-0.006999969482421875,3.826804459095001e-05,0.0013693012050184192,3.705369472503662,1.788678526878357,1.549050211906433,160,VEHICLE
143,14.3,-199.59103393554688,30.180253982543945,4.742831230163574,7.914305210113525,0.011699244379997253,0.00152587890625,0.00163322314620018,0.0013929272669800025,3.705369472503662,1.788678526878357,1.549050211906433,160,VEHICLE
144,14.4,-198.8014678955078,30.181415557861328,4.783759117126465,7.915103435516357,0.01188486348837614,0.007982254028320312,0.0018561910837888718,0.001415628114529676,3.705369472503662,1.788678526878357,1.549050211906433,160,VEHICLE
145,14.5,-198.01177978515625,30.182594299316406,4.8246917724609375,7.915877342224121,0.012064384296536446,0.007739067077636719,0.0017952080816030502,0.0014378067328343416,3.705369472503662,1.788678526878357,1.549050211906433,160,VEHICLE
146,14.6,-197.22203063964844,30.183795928955078,4.865633010864258,7.9160332679748535,0.01224055141210556,0.0015592575073242188,0.0017616711556911469,0.0014597268372597556,3.705369472503662,1.788678526878357,1.549050211906433,160,VEHICLE
147,14.7,-196.43228149414062,30.18487548828125,4.90657377243042,7.915533065795898,0.009666521102190018,-0.005002021789550781,-0.025740303099155426,0.0013705208235664588,3.705369472503662,1.788678526878357,1.549050211906433,160,VEHICLE
148,14.8,-195.64266967773438,30.18599510192871,4.947513103485107,7.914815425872803,0.011570191010832787,-0.007176399230957031,0.01903669908642769,0.00134650959152925,3.705369472503662,1.788678526878357,1.549050211906433,160,VEHICLE
149,14.9,-194.85311889648438,30.187129974365234,4.988445281982422,7.914462566375732,0.011575098149478436,-0.003528594970703125,4.907138645648956e-05,0.0013742950221738055,3.705369472503662,1.788678526878357,1.549050211906433,160,VEHICLE
0,0.0,-280.0943603515625,33.571468353271484,1.5253329277038574,6.146245823401841e-08,8.241513721474192e-11,5.468056087920559e-07,7.332128237891311e-10,0.0013409012187434086,4.673638820648193,1.8118125200271606,1.441947340965271,161,VEHICLE
1,0.1,-280.0935974121094,33.571468353271484,1.2798340320587158,0.0714445635676384,9.877094998955727e-05,0.7144450545310974,0.0009877086849883199,0.001342818356631643,4.673638820648193,1.8118125200271606,1.441947340965271,161,VEHICLE
2,0.2,-280.0905456542969,33.571468353271484,1.177899718284607,0.008034779690206051,1.082160906662466e-05,-0.6340978145599365,-0.0008794933673925698,0.0013435668505395774,4.673638820648193,1.8118125200271606,1.441947340965271,161,VEHICLE
3,0.3,-280.09063720703125,33.571468353271484,1.1821600198745728,-0.00528085557743907,-1.2579101166920736e-05,-0.13315634429454803,-0.00023400709324050695,0.0013442345913695362,4.673638820648193,1.8118125200271606,1.441947340965271,161,VEHICLE
4,0.4,-280.09124755859375,33.571468353271484,1.2014036178588867,-0.005438684020191431,-1.4702014823342324e-06,-0.001578284427523613,0.00011108899343525991,0.0013449022021623323,4.673638820648193,1.8118125200271606,1.441947340965271,161,VEHICLE
5,0.5,-280.08197021484375,33.571468353271484,1.2162431478500366,0.43554073572158813,0.0005383258685469627,4.409794330596924,0.005397960543632507,0.0012270379483890984,4.673638820648193,1.8118125200271606,1.441947340965271,161,VEHICLE
6,0.6,-279.9991455078125,33.5718994140625,1.2272950410842896,1.102115273475647,0.002116517396643758,6.665745258331299,0.015781914815306664,0.001294690432418355,4.673638820648193,1.8118125200271606,1.441947340965271,161,VEHICLE
7,0.7,-279.8622741699219,33.572105407714844,1.2358092069625854,1.5686975717544556,0.001952019869349897,4.665822982788086,-0.0016449752729386091,0.0012656946158643044,4.673638820648193,1.8118125200271606,1.441947340965271,161,VEHICLE
8,0.8,-279.6856689453125,33.5721435546875,1.2432183027267456,1.9624367952346802,0.0006676593911834061,3.937392234802246,-0.012843604199588299,0.00034690761580893865,4.673638820648193,1.8118125200271606,1.441947340965271,161,VEHICLE
9,0.9,-279.4679870605469,33.572174072265625,1.2507169246673584,2.3863942623138428,0.000508018012624234,4.239574432373047,-0.0015964137855917215,-0.00028122981111236757,4.673638820648193,1.8118125200271606,1.441947340965271,161,VEHICLE
10,1.0,-279.2018737792969,33.57230758666992,1.2591307163238525,2.9136383533477783,0.0016534762689843774,5.2724409103393555,0.011454583145678043,-0.0003914846477323574,4.673638820648193,1.8118125200271606,1.441947340965271,161,VEHICLE
11,1.1,-278.8770751953125,33.57257080078125,1.2690532207489014,3.5298242568969727,0.0031483620405197144,6.161859035491943,0.014948857948184013,-0.00012836437266914194,4.673638820648193,1.8118125200271606,1.441947340965271,161,VEHICLE
12,1.2,-278.4909973144531,33.572959899902344,1.2806768417358398,4.119593620300293,0.004208593163639307,5.897693634033203,0.010602311231195927,0.00020960212353167304,4.673638820648193,1.8118125200271606,1.441947340965271,161,VEHICLE
13,1.3,-278.0487365722656,33.57343292236328,1.2939062118530273,4.66721248626709,0.0050986818969249725,5.476188659667969,0.008900887332856655,0.0005103273011170051,4.673638820648193,1.8118125200271606,1.441947340965271,161,VEHICLE
14,1.4,-277.552734375,33.57401657104492,1.309375286102295,5.195227146148682,0.006266407202929258,5.280146598815918,0.011677253060042858,0.0007751199272371802,4.673638820648193,1.8118125200271606,1.441947340965271,161,VEHICLE
15,1.5,-277.0187683105469,33.574703216552734,1.3261719942092896,5.3302483558654785,0.007047129329293966,1.3502120971679688,0.0078072212636470795,0.0009983328130133203,4.673638820648193,1.8118125200271606,1.441947340965271,161,VEHICLE
16,1.6,-276.4798278808594,33.57544708251953,1.3429278135299683,5.438948631286621,0.007740608416497707,1.0870027542114258,0.006934790872037411,0.0011916413125803128,4.673638820648193,1.8118125200271606,1.441947340965271,161,VEHICLE
17,1.7,-275.93603515625,33.57611083984375,1.3598055839538574,5.406919956207275,0.0061866468749940395,-0.32028675079345703,-0.015539615415036678,0.0011949110970339283,4.673638820648193,1.8118125200271606,1.441947340965271,161,VEHICLE
18,1.8,-275.34893798828125,33.57691955566406,1.3782081604003906,6.422757625579834,0.00947729591280222,10.158376693725586,0.03290649130940437,0.0013209060544359852,4.673638820648193,1.8118125200271606,1.441947340965271,161,VEHICLE
19,1.9,-274.6546325683594,33.578025817871094,1.4005111455917358,7.295214653015137,0.011902027763426304,8.724570274353027,0.024247318506240845,0.0015365660567153222,4.673638820648193,1.8118125200271606,1.441947340965271,161,VEHICLE
20,2.0,-273.89691162109375,33.57904052734375,1.425392985343933,7.734654426574707,0.00974829588085413,4.394397735595703,-0.02153731882572174,0.001509837438091229,4.673638820648193,1.8118125200271606,1.441947340965271,161,VEHICLE
21,2.1,-273.10272216796875,33.58003234863281,1.4514923095703125,8.116426467895508,0.009960559196770191,3.817720413208008,0.002122633159160614,0.0013635865918707325,4.673638820648193,1.8118125200271606,1.441947340965271,161,VEHICLE
22,2.2,-272.27154541015625,33.581138610839844,1.478771686553955,8.422245025634766,0.01157533098012209,3.058185577392578,0.016147717833518982,0.0013647486039557398,4.673638820648193,1.8118125200271606,1.441947340965271,161,VEHICLE
23,2.3,-271.4288330078125,33.582305908203125,1.5063377618789673,8.3816499710083,0.011578045785427094,-0.40595054626464844,2.71480530500412e-05,0.0013906641002020856,4.673638820648193,1.8118125200271606,1.441947340965271,161,VEHICLE
24,2.4,-270.602783203125,33.58344650268555,1.5333164930343628,8.146919250488281,0.011291895061731339,-2.3473072052001953,-0.00286150723695755,0.001382054859814889,4.673638820648193,1.8118125200271606,1.441947340965271,161,VEHICLE
25,2.5,-269.80303955078125,33.58454895019531,1.55952787399292,7.884524822235107,0.010834920220077038,-2.6239442825317383,-0.004569748416543007,0.0013594817087588902,4.673638820648193,1.8118125200271606,1.441947340965271,161,VEHICLE
26,2.6,-269.0242614746094,33.585777282714844,1.585935354232788,7.721693515777588,0.012965168803930283,-1.6283130645751953,0.021302485838532448,0.0014758606780608894,4.673638820648193,1.8118125200271606,1.441947340965271,161,VEHICLE
27,2.7,-268.2499084472656,33.58685302734375,1.6125009059906006,7.7757744789123535,0.009767737239599228,0.5408096313476562,-0.03197431564331055,0.0014291149188488932,4.673638820648193,1.8118125200271606,1.441947340965271,161,VEHICLE
28,2.8,-267.45843505859375,33.58794021606445,1.6396617889404297,8.01936149597168,0.01136650051921606,2.4358701705932617,0.015987632796168327,0.0014032005929370108,4.673638820648193,1.8118125200271606,1.441947340965271,161,VEHICLE
29,2.9,-266.6408386230469,33.58928680419922,1.6680861711502075,8.256914138793945,0.014557945542037487,2.3755264282226562,0.031914450228214264,0.001589586109022842,4.673638820648193,1.8118125200271606,1.441947340965271,161,VEHICLE
30,3.0,-265.81036376953125,33.590476989746094,1.6978119611740112,8.296706199645996,0.01067759096622467,0.3979206085205078,-0.038803547620773315,0.0015206120573100662,4.673638820648193,1.8118125200271606,1.441947340965271,161,VEHICLE
31,3.1,-264.98797607421875,33.59143829345703,1.7273061275482178,8.1400146484375,0.008889816701412201,-1.566915512084961,-0.017877742648124695,0.0012749585933651995,4.673638820648193,1.8118125200271606,1.441947340965271,161,VEHICLE
32,3.2,-264.18603515625,33.5924072265625,1.7560088634490967,7.9223480224609375,0.009992793202400208,-2.176666259765625,0.011029765009880066,0.0011917644577732966,4.673638820648193,1.8118125200271606,1.441947340965271,161,VEHICLE
33,3.3,-263.40228271484375,33.59353256225586,1.7840368747711182,7.782887935638428,0.01192345842719078,-1.3946008682250977,0.01930665224790573,0.001323503416721788,4.673638820648193,1.8118125200271606,1.441947340965271,161,VEHICLE
34,3.4,-262.6226806640625,33.59462356567383,1.8119235038757324,7.823555946350098,0.010492541827261448,0.4066801071166992,-0.014309165999293327,0.0013782949652954284,4.673638820648193,1.8118125200271606,1.441947340965271,161,VEHICLE
35,3.5,-261.8292541503906,33.595703125,1.8403514623641968,8.02096176147461,0.01100217830389738,1.9740581512451172,0.005096364766359329,0.0013859102016116989,4.673638820648193,1.8118125200271606,1.441947340965271,161,VEHICLE
36,3.6,-261.014892578125,33.59682846069336,1.8703690767288208,8.203426361083984,0.011424599215388298,1.82464599609375,0.004224209114909172,0.0014083295187043402,4.673638820648193,1.8118125200271606,1.441947340965271,161,VEHICLE
37,3.7,-260.1903991699219,33.59798812866211,1.901031494140625,8.230901718139648,0.011621400713920593,0.2747535705566406,0.0019680149853229523,0.0014234599927588406,4.673638820648193,1.8118125200271606,1.441947340965271,161,VEHICLE
38,3.8,-259.37249755859375,33.59914779663086,1.931397795677185,8.107494354248047,0.011523147113621235,-1.2340736389160156,-0.0009825360029935837,0.001422649601161508,4.673638820648193,1.8118125200271606,1.441947340965271,161,VEHICLE
39,3.9,-258.57080078125,33.60028839111328,1.961599588394165,7.9382147789001465,0.011256597004830837,-1.692795753479004,-0.0026655010879039764,0.00141141608079585,4.673638820648193,1.8118125200271606,1.441947340965271,161,VEHICLE
40,4.0,-257.78302001953125,33.60139846801758,1.9921338558197021,7.839966773986816,0.011048502288758755,-0.9824800491333008,-0.002080947160720825,0.0014013545853767196,4.673638820648193,1.8118125200271606,1.441947340965271,161,VEHICLE
41,4.1,-256.99713134765625,33.60249710083008,2.0227038860321045,7.883815765380859,0.011066501028835773,0.4384899139404297,0.00017998740077018738,0.0014026011216174178,4.673638820648193,1.8118125200271606,1.441947340965271,161,VEHICLE
42,4.2,-256.20013427734375,33.603614807128906,2.0536580085754395,8.03134536743164,0.011322317644953728,1.4752960205078125,0.0025581661611795425,0.0014171438276969594,4.673638820648193,1.8118125200271606,1.441947340965271,161,VEHICLE
43,4.3,-255.38848876953125,33.604644775390625,2.0851070880889893,8.157217979431152,0.00970247108489275,1.2587261199951172,-0.01619846560060978,0.0013322216282512446,4.673638820648193,1.8118125200271606,1.441947340965271,161,VEHICLE
44,4.4,-254.5706329345703,33.60569381713867,2.1167266368865967,8.164881706237793,0.010804512538015842,0.07663726806640625,0.011020414531230927,0.0013024687353365278,4.673638820648193,1.8118125200271606,1.441947340965271,161,VEHICLE
45,4.5,-253.7584686279297,33.60676574707031,2.148139715194702,8.069733619689941,0.010584725067019463,-0.9514808654785156,-0.0021978747099637985,0.0013086849018203684,4.673638820648193,1.8118125200271606,1.441947340965271,161,VEHICLE
46,4.6,-252.95761108398438,33.60798263549805,2.1799702644348145,7.950721263885498,0.012969475239515305,-1.1901235580444336,0.02384750172495842,0.0014429900141356385,4.673638820648193,1.8118125200271606,1.441947340965271,161,VEHICLE
47,4.7,-252.16546630859375,33.60918045043945,2.211765766143799,7.89434289932251,0.011505925096571445,-0.5637836456298828,-0.014635501429438591,0.001495654804914931,4.673638820648193,1.8118125200271606,1.441947340965271,161,VEHICLE
48,4.8,-251.3732147216797,33.6102294921875,2.243568181991577,7.939432144165039,0.009922006167471409,0.45089244842529297,-0.015839189291000366,0.0013908274268783132,4.673638820648193,1.8118125200271606,1.441947340965271,161,VEHICLE
49,4.9,-250.57278442382812,33.61130142211914,2.2760913372039795,8.039538383483887,0.011132625862956047,1.0010623931884766,0.012106196954846382,0.0013629171605576598,4.673638820648193,1.8118125200271606,1.441947340965271,161,VEHICLE
50,5.0,-249.7635040283203,33.6124267578125,2.3098409175872803,8.113229751586914,0.011190814897418022,0.7369136810302734,0.000581890344619751,0.001383619596992473,4.673638820648193,1.8118125200271606,1.441947340965271,161,VEHICLE
51,5.1,-248.95132446289062,33.61355209350586,2.3437821865081787,8.10627269744873,0.01124854851514101,-0.06957054138183594,0.0005773361772298813,0.0013934638003128964,4.673638820648193,1.8118125200271606,1.441947340965271,161,VEHICLE
52,5.2,-248.14366149902344,33.61467742919922,2.37746000289917,8.038616180419922,0.01119593158364296,-0.6765651702880859,-0.0005261693149805069,0.001394668724661562,4.673638820648193,1.8118125200271606,1.441947340965271,161,VEHICLE
53,5.3,-247.3435516357422,33.615623474121094,2.410773992538452,7.967167377471924,0.008522184565663338,-0.7144880294799805,-0.02673747017979622,0.0012522167841093066,4.673638820648193,1.8118125200271606,1.441947340965271,161,VEHICLE
54,5.4,-246.548095703125,33.61669158935547,2.443870782852173,7.943181991577148,0.011658591218292713,-0.2398538589477539,0.031364068388938904,0.0012940656038520546,4.673638820648193,1.8118125200271606,1.441947340965271,161,VEHICLE
55,5.5,-245.75148010253906,33.61790466308594,2.4770524501800537,7.9809889793396,0.012408747337758541,0.3780698776245117,0.007501561194658279,0.0014483565177990409,4.673638820648193,1.8118125200271606,1.441947340965271,161,VEHICLE
56,5.6,-244.9491729736328,33.61896514892578,2.511317729949951,8.03929615020752,0.009796187281608582,0.5830717086791992,-0.026125600561499596,0.0013902084499843297,4.673638820648193,1.8118125200271606,1.441947340965271,161,VEHICLE
57,5.7,-244.14178466796875,33.62003707885742,2.5460994243621826,8.075016975402832,0.011057404801249504,0.357208251953125,0.012612175196409225,0.001351904833405587,4.673638820648193,1.8118125200271606,1.441947340965271,161,VEHICLE
58,5.8,-243.33352661132812,33.62113571166992,2.5808892250061035,8.063837051391602,0.01098645105957985,-0.11179924011230469,-0.0007095374166965485,0.0013632456344303914,4.673638820648193,1.8118125200271606,1.441947340965271,161,VEHICLE
59,5.9,-242.52867126464844,33.622108459472656,2.615919828414917,8.019234657287598,0.009100183844566345,-0.44602394104003906,-0.01886267215013504,0.001266502406718385,4.673638820648193,1.8118125200271606,1.441947340965271,161,VEHICLE
60,6.0,-241.72848510742188,33.623085021972656,2.651623487472534,7.9816789627075195,0.010019740089774132,-0.37555694580078125,0.009195562452077866,0.001226988144155822,4.673638820648193,1.8118125200271606,1.441947340965271,161,VEHICLE
61,6.1,-240.93032836914062,33.624080657958984,2.6873366832733154,7.976833820343018,0.00988508015871048,-0.04845142364501953,-0.0013465993106365204,0.001236154333710441,4.673638820648193,1.8118125200271606,1.441947340965271,161,VEHICLE
62,6.2,-240.13072204589844,33.62519454956055,2.723057746887207,8.003520011901855,0.011779535561800003,0.2668619155883789,0.018944554030895233,0.0013442171663897474,4.673638820648193,1.8118125200271606,1.441947340965271,161,VEHICLE
63,6.3,-239.32777404785156,33.62613296508789,2.75886869430542,8.03703784942627,0.008271743543446064,0.3351783752441406,-0.03507792204618454,0.0012498325527330076,4.673638820648193,1.8118125200271606,1.441947340965271,161,VEHICLE
64,6.4,-238.5224151611328,33.627071380615234,2.7947463989257812,8.051015853881836,0.009860193356871605,0.13978004455566406,0.01588449813425541,0.0011937562369928642,4.673638820648193,1.8118125200271606,1.441947340965271,161,VEHICLE
65,6.5,-237.71717834472656,33.628170013427734,2.830627679824829,8.038798332214355,0.011574340984225273,-0.12217521667480469,0.017141476273536682,0.0013075542286915482,4.673638820648193,1.8118125200271606,1.441947340965271,161,VEHICLE
66,6.6,-236.91407775878906,33.6292610168457,2.8672571182250977,8.009190559387207,0.010572950355708599,-0.2960777282714844,-0.01001390628516674,0.0013524591818297575,4.673638820648193,1.8118125200271606,1.441947340965271,161,VEHICLE
67,6.7,-236.1133575439453,33.630332946777344,2.904099464416504,7.991130828857422,0.010724554769694805,-0.18059730529785156,0.0015160441398620605,0.0013489749660950121,4.673638820648193,1.8118125200271606,1.441947340965271,161,VEHICLE
68,6.8,-235.31320190429688,33.63153839111328,2.9409008026123047,7.994922161102295,0.012629368342459202,0.03791332244873047,0.019048135727643967,0.0014523378656064118,4.673638820648193,1.8118125200271606,1.441947340965271,161,VEHICLE
69,6.9,-234.5118865966797,33.63273239135742,2.9781246185302734,8.011773109436035,0.011745310388505459,0.16850948333740234,-0.00884057953953743,0.0014983890963329533,4.673638820648193,1.8118125200271606,1.441947340965271,161,VEHICLE
70,7.0,-233.70901489257812,33.63379669189453,3.016308307647705,8.029778480529785,0.010098704136908054,0.1800537109375,-0.016466062515974045,0.0013977789535166655,4.673638820648193,1.8118125200271606,1.441947340965271,161,VEHICLE
71,7.1,-232.905029296875,33.6348762512207,3.054640054702759,8.034565925598145,0.01114766113460064,0.04787445068359375,0.01048956997692585,0.0013628790596690176,4.673638820648193,1.8118125200271606,1.441947340965271,161,VEHICLE
72,7.2,-232.10150146484375,33.63597869873047,3.0928845405578613,8.024269104003906,0.011036059819161892,-0.10296821594238281,-0.001116013154387474,0.0013741830601768056,4.673638820648193,1.8118125200271606,1.441947340965271,161,VEHICLE
73,7.3,-231.29934692382812,33.63690185546875,3.1310033798217773,8.008843421936035,0.008418551646173,-0.15425682067871094,-0.026175081729888916,0.0012378013844119519,4.673638820648193,1.8118125200271606,1.441947340965271,161,VEHICLE
74,7.4,-230.49842834472656,33.63784408569336,3.169032335281372,8.000510215759277,0.00978974997997284,-0.08333206176757812,0.01371198333799839,0.0011851900389064885,4.673638820648193,1.8118125200271606,1.441947340965271,161,VEHICLE
75,7.5,-229.6976318359375,33.638816833496094,3.2070674896240234,8.005241394042969,0.009625503793358803,0.04731178283691406,-0.0016424618661403656,0.0011995536838131278,4.673638820648193,1.8118125200271606,1.441947340965271,161,VEHICLE
76,7.6,-228.89588928222656,33.63995361328125,3.2459847927093506,8.012237548828125,0.012281646020710468,0.0699615478515625,0.026561422273516655,0.0013509644046456528,4.673638820648193,1.8118125200271606,1.441947340965271,161,VEHICLE
77,7.7,-228.0930938720703,33.64109420776367,3.285278797149658,8.021082878112793,0.010973398573696613,0.08845329284667969,-0.01308247447013855,0.0014149789690139692,4.673638820648193,1.8118125200271606,1.441947340965271,161,VEHICLE
78,7.8,-227.289794921875,33.6422119140625,3.3245818614959717,8.0234375,0.011237295344471931,0.023546218872070312,0.0026389677077531815,0.001411991755314687,4.673638820648193,1.8118125200271606,1.441947340965271,161,VEHICLE
79,7.9,-226.48692321777344,33.643333435058594,3.364222288131714,8.015851020812988,0.011310284957289696,-0.07586479187011719,0.0007298961281776428,0.0014155642662828387,4.673638820648193,1.8118125200271606,1.441947340965271,161,VEHICLE
80,8.0,-225.68524169921875,33.64446258544922,3.4046924114227295,8.007948875427246,0.011345289647579193,-0.07902145385742188,0.00035004690289497375,0.0014199587421557945,4.673638820648193,1.8118125200271606,1.441947340965271,161,VEHICLE
81,8.1,-224.8840789794922,33.64547348022461,3.4452383518218994,8.005034446716309,0.009527155198156834,-0.029144287109375,-0.018181344494223595,0.0013246793427831936,4.673638820648193,1.8118125200271606,1.441947340965271,161,VEHICLE
82,8.2,-224.0828399658203,33.64649963378906,3.4857308864593506,8.008121490478516,0.01053568720817566,0.030870437622070312,0.010085320100188255,0.001290161498119269,4.673638820648193,1.8118125200271606,1.441947340965271,161,VEHICLE
83,8.3,-223.2810821533203,33.64754867553711,3.5261900424957275,8.013936042785645,0.010443518869578838,0.05814552307128906,-0.0009216833859682083,0.0013029280265948364,4.673638820648193,1.8118125200271606,1.441947340965271,161,VEHICLE
84,8.4,-222.47882080078125,33.64860153198242,3.5666399002075195,8.017757415771484,0.010476721450686455,0.03821372985839844,0.00033202581107616425,0.0013106387101884565,4.673638820648193,1.8118125200271606,1.441947340965271,161,VEHICLE
85,8.5,-221.67645263671875,33.649776458740234,3.607086181640625,8.017621994018555,0.0123791778460145,-0.001354217529296875,0.01902456395328045,0.001417451365586512,4.673638820648193,1.8118125200271606,1.441947340965271,161,VEHICLE
86,8.6,-220.87432861328125,33.65082550048828,3.64792799949646,8.01125431060791,0.009592561982572079,-0.06367683410644531,-0.02786615863442421,0.0013620801113419939,4.673638820648193,1.8118125200271606,1.441947340965271,161,VEHICLE
87,8.7,-220.0726318359375,33.65187072753906,3.6889162063598633,8.00715160369873,0.010741440579295158,-0.041027069091796875,0.011488785967230797,0.0013203561272753432,4.673638820648193,1.8118125200271606,1.441947340965271,161,VEHICLE
88,8.8,-219.27110290527344,33.6529426574707,3.729888916015625,8.007267951965332,0.010664667934179306,0.001163482666015625,-0.0007677264511585236,0.0013310983672406927,4.673638820648193,1.8118125200271606,1.441947340965271,161,VEHICLE
89,8.9,-218.4695281982422,33.65419006347656,3.7710354328155518,8.009445190429688,0.01331661082804203,0.021772384643554688,0.026519428938627243,0.0014804082076742273,4.673638820648193,1.8118125200271606,1.441947340965271,161,VEHICLE
90,9.0,-217.6677703857422,33.65543746948242,3.8126401901245117,8.013083457946777,0.012001600116491318,0.03638267517089844,-0.013150107115507126,0.0015435386493740158,4.673638820648193,1.8118125200271606,1.441947340965271,161,VEHICLE
91,9.1,-216.86573791503906,33.65652847290039,3.8543128967285156,8.01486587524414,0.010406022891402245,0.017824172973632812,-0.015955772250890732,0.0014396848595737955,4.673638820648193,1.8118125200271606,1.441947340965271,161,VEHICLE
92,9.2,-216.06365966796875,33.65764617919922,3.8959574699401855,8.013556480407715,0.011450123973190784,-0.013093948364257812,0.010441010817885399,0.0014035667775868968,4.673638820648193,1.8118125200271606,1.441947340965271,161,VEHICLE
93,9.3,-215.2618865966797,33.65879440307617,3.937558889389038,8.010605812072754,0.011349166743457317,-0.029506683349609375,-0.001009572297334671,0.0014154439819074323,4.673638820648193,1.8118125200271606,1.441947340965271,161,VEHICLE
94,9.4,-214.46034240722656,33.65993881225586,3.979128837585449,8.008448600769043,0.011367940343916416,-0.021572113037109375,0.00018773600459098816,0.0014223001913055977,4.673638820648193,1.8118125200271606,1.441947340965271,161,VEHICLE
95,9.5,-213.65892028808594,33.66108703613281,4.020685195922852,8.00858211517334,0.011409325525164604,0.00133514404296875,0.0004138518124818802,0.0014283129796671295,4.673638820648193,1.8118125200271606,1.441947340965271,161,VEHICLE
96,9.6,-212.8573455810547,33.6622314453125,4.0622429847717285,8.01055908203125,0.011460777372121811,0.019769668579101562,0.0005145184695720673,0.0014344203050458727,4.673638820648193,1.8118125200271606,1.441947340965271,161,VEHICLE
97,9.7,-212.05555725097656,33.66338348388672,4.103810787200928,8.01264476776123,0.011512164026498795,0.020856857299804688,0.0005138665437698364,0.0014406380319756647,4.673638820648193,1.8118125200271606,1.441947340965271,161,VEHICLE
98,9.8,-211.25360107421875,33.66453170776367,4.145384311676025,8.013250350952148,0.011560867540538311,0.0060558319091796875,0.0004870351403951645,0.0014466112890397659,4.673638820648193,1.8118125200271606,1.441947340965271,161,VEHICLE
99,9.9,-210.45169067382812,33.66569137573242,4.186955451965332,8.012166023254395,0.011609592474997044,-0.010843276977539062,0.00048724934458732605,0.0014524923497555825,4.673638820648193,1.8118125200271606,1.441947340965271,161,VEHICLE
100,10.0,-209.64996337890625,33.66686248779297,4.228517532348633,8.010436058044434,0.011653635650873184,-0.017299652099609375,0.00044043175876140594,0.001458123088933391,4.673638820648193,1.8118125200271606,1.441947340965271,161,VEHICLE
101,10.1,-208.84837341308594,33.66790771484375,4.2700724601745605,8.009471893310547,0.009840548038482666,-0.009641647338867188,-0.018130876123905182,0.0013635561631746838,4.673638820648193,1.8118125200271606,1.441947340965271,161,VEHICLE
102,10.2,-208.04681396484375,33.66896057128906,4.3116254806518555,8.009862899780273,0.010850010439753532,0.003910064697265625,0.010094624012708664,0.0013291504105449217,4.673638820648193,1.8118125200271606,1.441947340965271,161,VEHICLE
103,10.3,-207.24514770507812,33.6700325012207,4.353182792663574,8.011115074157715,0.010751504451036453,0.012521743774414062,-0.0009850598871707916,0.0013415490638874895,4.673638820648193,1.8118125200271606,1.441947340965271,161,VEHICLE
104,10.4,-206.44338989257812,33.67098617553711,4.394747734069824,8.012179374694824,0.008922598324716091,0.01064300537109375,-0.01828906126320362,0.001248196815264643,4.673638820648193,1.8118125200271606,1.441947340965271,161,VEHICLE
105,10.5,-205.64154052734375,33.67195129394531,4.436314582824707,8.01225471496582,0.009924382902681828,0.0007534027099609375,0.010017845779657364,0.0012142510040790027,4.673638820648193,1.8118125200271606,1.441947340965271,161,VEHICLE
106,10.6,-204.8397674560547,33.67293167114258,4.477878570556641,8.011483192443848,0.009824019856750965,-0.0077152252197265625,-0.0010036304593086243,0.0012266835971210092,4.673638820648193,1.8118125200271606,1.441947340965271,161,VEHICLE
107,10.7,-204.0380401611328,33.67390823364258,4.519439697265625,8.010534286499023,0.009849960915744305,-0.009489059448242188,0.0002594105899333954,0.0012338838848514183,4.673638820648193,1.8118125200271606,1.441947340965271,161,VEHICLE
108,10.8,-203.23641967773438,33.67489242553711,4.5609965324401855,8.010150909423828,0.009897265583276749,-0.003833770751953125,0.00047304667532444,0.0012398139695775356,4.673638820648193,1.8118125200271606,1.441947340965271,161,VEHICLE
109,10.9,-202.43479919433594,33.67589569091797,4.6025519371032715,8.010540008544922,0.009941632859408855,0.0038909912109375,0.0004436727613210678,0.0012457961992058562,4.673638820648193,1.8118125200271606,1.441947340965271,161,VEHICLE
110,11.0,-201.633056640625,33.67689895629883,4.644113063812256,8.01126766204834,0.009990361519157887,0.0072765350341796875,0.00048728659749031067,0.001251807427121437,4.673638820648193,1.8118125200271606,1.441947340965271,161,VEHICLE
111,11.1,-200.831298828125,33.67789840698242,4.685677528381348,8.011799812316895,0.010041246190667152,0.005321502685546875,0.000508846715092659,0.0012578441423208876,4.673638820648193,1.8118125200271606,1.441947340965271,161,VEHICLE
112,11.2,-200.029541015625,33.67890167236328,4.727240085601807,8.01174259185791,0.010087631642818451,-0.00057220458984375,0.00046385452151298523,0.0012637993242193871,4.673638820648193,1.8118125200271606,1.441947340965271,161,VEHICLE
113,11.3,-199.227783203125,33.679908752441406,4.768803119659424,8.011208534240723,0.010136737488210201,-0.005340576171875,0.0004910584539175034,0.0012696294103674637,4.673638820648193,1.8118125200271606,1.441947340965271,161,VEHICLE
114,11.4,-198.4260711669922,33.68093490600586,4.81036376953125,8.01065444946289,0.010179636999964714,-0.0055408477783203125,0.00042899511754512787,0.0012753909669308496,4.673638820648193,1.8118125200271606,1.441947340965271,161,VEHICLE
115,11.5,-197.62440490722656,33.68196105957031,4.851922988891602,8.010504722595215,0.010226098820567131,-0.0014972686767578125,0.0004646182060241699,0.0012811685180652353,4.673638820648193,1.8118125200271606,1.441947340965271,161,VEHICLE
116,11.6,-196.8227081298828,33.682987213134766,4.893481731414795,8.010824203491211,0.010276143439114094,0.0031948089599609375,0.0005004461854696274,0.0012871031540920438,4.673638820648193,1.8118125200271606,1.441947340965271,161,VEHICLE
117,11.7,-196.0209503173828,33.68401336669922,4.935044288635254,8.011330604553223,0.01032338384538889,0.0050640106201171875,0.0004724040627479553,0.001293047282831722,4.673638820648193,1.8118125200271606,1.441947340965271,161,VEHICLE
118,11.8,-195.2191925048828,33.68503952026367,4.9766082763671875,8.011565208435059,0.010372506454586983,0.002346038818359375,0.0004912260919809341,0.001299049928294571,4.673638820648193,1.8118125200271606,1.441947340965271,161,VEHICLE
119,11.9,-194.4174346923828,33.686092376708984,5.018171787261963,8.011419296264648,0.010415865108370781,-0.0014591217041015625,0.0004335865378379822,0.0013049421722063715,4.673638820648193,1.8118125200271606,1.441947340965271,161,VEHICLE
120,12.0,-193.6156768798828,33.68714141845703,5.0597333908081055,8.011059761047363,0.010462960228323936,-0.0035953521728515625,0.0004709511995315552,0.0013107554835604727,4.673638820648193,1.8118125200271606,1.441947340965271,161,VEHICLE
121,12.1,-192.8139190673828,33.688194274902344,5.1012959480285645,8.010783195495605,0.010513187386095524,-0.002765655517578125,0.0005022715777158737,0.0013165634633909072,4.673638820648193,1.8118125200271606,1.441947340965271,161,VEHICLE
122,12.2,-192.01220703125,33.68924331665039,5.142858028411865,8.010770797729492,0.010560774244368076,-0.0001239776611328125,0.0004758685827255249,0.001322416696153927,4.673638820648193,1.8118125200271606,1.441947340965271,161,VEHICLE
123,12.3,-191.21044921875,33.69029235839844,5.184421062469482,8.011041641235352,0.010605929419398308,0.00270843505859375,0.00045155175030231476,0.0013283164822211581,4.673638820648193,1.8118125200271606,1.441947340965271,161,VEHICLE
124,12.4,-190.40869140625,33.69136428833008,5.225984573364258,8.011284828186035,0.010656042024493217,0.0024318695068359375,0.0005011260509490967,0.0013342485175047145,4.673638820648193,1.8118125200271606,1.441947340965271,161,VEHICLE
125,12.5,-189.60693359375,33.69255447387695,5.267548561096191,8.011374473571777,0.012558724731206894,0.000896453857421875,0.019026827067136765,0.0014408354283884939,4.673638820648193,1.8118125200271606,1.441947340965271,161,VEHICLE
126,12.6,-188.80517578125,33.69375228881836,5.309111595153809,8.011214256286621,0.01164419949054718,-0.0016021728515625,-0.009145252406597137,0.0014870580480953442,4.673638820648193,1.8118125200271606,1.441947340965271,161,VEHICLE
127,12.7,-188.00341796875,33.694923400878906,5.350673675537109,8.011006355285645,0.011840211227536201,-0.002079010009765625,0.001960117369890213,0.0014870580480953442,4.673638820648193,1.8118125200271606,1.441947340965271,161,VEHICLE
128,12.8,-187.20166015625,33.69612121582031,5.392236232757568,8.01087474822998,0.011914638802409172,-0.001316070556640625,0.0007442757487297058,0.0014908717780001217,4.673638820648193,1.8118125200271606,1.441947340965271,161,VEHICLE
129,12.9,-186.39990234375,33.69719314575195,5.433799743652344,8.01098918914795,0.010110323317348957,0.0011444091796875,-0.01804315485060215,0.001395895105142057,4.673638820648193,1.8118125200271606,1.441947340965271,161,VEHICLE
130,13.0,-185.59814453125,33.698272705078125,5.475363254547119,8.011114120483398,0.011117835529148579,0.0012493133544921875,0.010075122117996216,0.001361534475407718,4.673638820648193,1.8118125200271606,1.441947340965271,161,VEHICLE
131,13.1,-184.79638671875,33.699371337890625,5.516927242279053,8.011229515075684,0.011012408882379532,0.0011539459228515625,-0.0010542664676904678,0.0013739730501592042,4.673638820648193,1.8118125200271606,1.441947340965271,161,VEHICLE
132,13.2,-183.99462890625,33.70047378540039,5.558489799499512,8.011223793029785,0.011036299169063568,-5.7220458984375e-05,0.00023890286684036255,0.00138124914955541,4.673638820648193,1.8118125200271606,1.441947340965271,161,VEHICLE
133,13.3,-183.19287109375,33.70157241821289,5.600052356719971,8.011114120483398,0.011082569137215614,-0.0010967254638671875,0.00046269968152046204,0.0013874525723973157,4.673638820648193,1.8118125200271606,1.441947340965271,161,VEHICLE
134,13.4,-182.39111328125,33.70268630981445,5.641615390777588,8.01103687286377,0.011127844452857971,-0.0007724761962890625,0.0004527531564235687,0.0013933925399477907,4.673638820648193,1.8118125200271606,1.441947340965271,161,VEHICLE
135,13.5,-181.58935546875,33.70381164550781,5.683177947998047,8.01099681854248,0.011177455075085163,-0.000400543212890625,0.0004961062222719193,0.0013993560442246966,4.673638820648193,1.8118125200271606,1.441947340965271,161,VEHICLE
136,13.6,-180.78759765625,33.70493698120117,5.724741458892822,8.011055946350098,0.011224301531910896,0.000591278076171875,0.00046846456825733185,0.0014052123978796189,4.673638820648193,1.8118125200271606,1.441947340965271,161,VEHICLE
137,13.7,-179.98583984375,33.706058502197266,5.766305446624756,8.01112174987793,0.011275611817836761,0.0006580352783203125,0.0005131028592586517,0.0014111414423084356,4.673638820648193,1.8118125200271606,1.441947340965271,161,VEHICLE
138,13.8,-179.18408203125,33.70718002319336,5.807868480682373,8.011178016662598,0.011324901133775711,0.0005626678466796875,0.0004928931593894958,0.0014170560526122033,4.673638820648193,1.8118125200271606,1.441947340965271,161,VEHICLE
139,13.9,-178.38232421875,33.70832061767578,5.84943151473999,8.011180877685547,0.011368794366717339,2.86102294921875e-05,0.000438932329416275,0.0014230681907879221,4.673638820648193,1.8118125200271606,1.441947340965271,161,VEHICLE
140,14.0,-177.58056640625,33.709285736083984,5.890994548797607,8.011116027832031,0.008790197782218456,-0.00064849853515625,-0.025785965844988823,0.0012864692229243614,4.673638820648193,1.8118125200271606,1.441947340965271,161,VEHICLE
141,14.1,-176.77880859375,33.71025848388672,5.932558059692383,8.011054992675781,0.01020058337599039,-0.0006103515625,0.014103855937719345,0.0012355057083433846,4.673638820648193,1.8118125200271606,1.441947340965271,161,VEHICLE
142,14.2,-175.97705078125,33.711265563964844,5.97412109375,8.011035919189453,0.010035031475126743,-0.00019073486328125,-0.0016555190086364746,0.0012506360523607224,4.673638820648193,1.8118125200271606,1.441947340965271,161,VEHICLE
143,14.3,-175.17529296875,33.71226501464844,6.015684127807617,8.011048316955566,0.010051571764051914,0.0001239776611328125,0.00016540288925170898,0.0012584293095525944,4.673638820648193,1.8118125200271606,1.441947340965271,161,VEHICLE
144,14.4,-174.37353515625,33.7132682800293,6.057247161865234,8.011093139648438,0.010088879615068436,0.0004482269287109375,0.00037307851016521454,0.0012647389727563456,4.673638820648193,1.8118125200271606,1.441947340965271,161,VEHICLE
145,14.5,-173.57177734375,33.71427917480469,6.098809719085693,8.011147499084473,0.01013885997235775,0.0005435943603515625,0.0004998035728931427,0.0012707122298204468,4.673638820648193,1.8118125200271606,1.441947340965271,161,VEHICLE
146,14.6,-172.77001953125,33.71530532836914,6.1403727531433105,8.011176109313965,0.010189815424382687,0.000286102294921875,0.0005095545202493668,0.0012766466057729299,4.673638820648193,1.8118125200271606,1.441947340965271,161,VEHICLE
147,14.7,-171.96826171875,33.716331481933594,6.181935787200928,8.011116981506348,0.01024039275944233,-0.000591278076171875,0.0005057733505964279,0.001282504649910966,4.673638820648193,1.8118125200271606,1.441947340965271,161,VEHICLE
148,14.8,-171.16650390625,33.71735763549805,6.223498821258545,8.011079788208008,0.01028558798134327,-0.0003719329833984375,0.0004519522190093994,0.0012883952033396525,4.673638820648193,1.8118125200271606,1.441947340965271,161,VEHICLE
149,14.9,-170.36474609375,33.7183837890625,6.2650628089904785,8.0110445022583,0.010330426506698132,-0.0003528594970703125,0.00044838525354862213,0.00129427431349803,4.673638820648193,1.8118125200271606,1.441947340965271,161,VEHICLE
